{"forward_pass_times": {"ResistanceDistance": {"cpu": [0.008807182312011719, 0.4779317378997803, 0.028965473175048828, 0.09090948104858398, 0.25231122970581055, 0.6270124912261963, 0.8850066661834717, 1.5412771701812744], "gpu": [0.0038428306579589844, 0.009562492370605469, 0.02078986167907715, 0.040297508239746094, 0.07254886627197266, 0.14064550399780273, 0.23097991943359375, 0.37194252014160156]}, "LCPDistance": {"cpu": [0.0803987979888916, 0.07741713523864746, 0.27556371688842773, 0.6375772953033447, 0.8446779251098633, 1.4476587772369385, 3.617950677871704, 10.011301517486572], "gpu": [0.07475876808166504, 0.0722811222076416, 0.07430505752563477, 0.07812666893005371, 0.08158040046691895, 0.08908629417419434, 0.12326765060424805, 0.1644456386566162]}, "RSPDistance": {"cpu": [0.09081530570983887, 0.428180456161499, 1.7691583633422852, 5.701796770095825, 15.426645755767822, 36.09491229057312, 82.20247888565063, 158.74074053764343], "gpu": [0.0024023056030273438, 0.0039556026458740234, 0.011886835098266602, 0.03881955146789551, 0.0999445915222168, 0.24261951446533203, 0.5428342819213867, 1.1033339500427246]}}, "backward_pass_times": {"ResistanceDistance": {"cpu": [0.007625102996826172, 0.6424741744995117, 0.4427638053894043, 2.2706782817840576, 12.334210872650146, 0.9085867404937744, 32.914273262023926, 2.216149091720581], "gpu": [0.004267692565917969, 0.009911775588989258, 0.0213625431060791, 0.04243659973144531, 0.0835866928100586, 0.14511966705322266, 0.23802876472473145, 0.3813953399658203]}, "LCPDistance": {"cpu": [0.01292729377746582, 0.12834715843200684, 0.5066847801208496, 1.3309624195098877, 3.184426784515381, 8.479809284210205, 16.948724269866943, 35.4599187374115], "gpu": [0.004221916198730469, 0.007616996765136719, 0.013115406036376953, 0.02639150619506836, 0.06268763542175293, 0.14886784553527832, 0.29721522331237793, Infinity]}, "RSPDistance": {"cpu": [0.23647427558898926, 1.3172705173492432, 4.959979772567749, 17.75022268295288, 54.110520362854004, 173.68882942199707, 280.5577902793884, Infinity], "gpu": [0.0021448135375976562, 0.005146980285644531, 0.02414417266845703, 0.06563520431518555, 0.20611906051635742, 0.6741616725921631, 1.3314297199249268, 2.940464496612549]}}}